Unnamed: 0,Frustrated,upset,hostile,alert,ashamed,inspired,nervous,attentive,active,determined,PCA1,PCA2,cluster_kmeans,cluster_hierarch
0,0.25,0.0,0.0,0.25,0.0,0.25,0.5,0.5,0.25,0.25,-0.14396162502504417,0.06162827365269635,2,3
1,0.375,0.3333333333333333,0.0,0.5,0.3333333333333333,0.25,0.5,0.5,0.5,0.5,0.2359283179163597,0.40092710821723515,1,2
2,0.25,0.0,0.0,0.25,0.0,0.5,0.5,0.5,0.5,0.5,0.18712103391311563,-0.056080714596742076,4,3
3,0.25,0.0,0.0,0.25,0.0,0.5,0.5,0.5,0.5,0.5,0.18712103391311563,-0.056080714596742076,4,3
4,0.25,0.6666666666666667,0.0,0.5,0.3333333333333333,0.5,1.0,0.75,0.75,0.75,0.7785767391518666,0.5238981038740678,3,2
5,0.25,0.0,0.0,0.5,0.3333333333333333,0.5,0.5,0.5,0.5,0.75,0.4111082165722596,0.04873219926511396,3,3
6,0.0,0.0,0.0,0.0,0.0,0.0,0.0,0.0,0.0,0.0,-0.9076332924030855,-0.1615647600794095,2,1
7,0.0,0.0,0.0,0.25,0.0,0.5,0.5,0.75,0.5,0.5,0.283828809029676,-0.2149187212516706,4,3
8,0.125,0.0,0.0,0.0,0.0,0.25,0.0,0.25,0.25,0.25,-0.45210982303595715,-0.2037582021456228,2,1
9,0.25,0.0,0.0,0.5,0.0,0.5,1.0,0.5,0.75,0.75,0.6125552654555769,0.08696633733499293,3,3
10,0.375,0.3333333333333333,0.0,0.0,0.3333333333333333,0.25,0.5,0.25,0.5,0.5,-0.07248147637627367,0.3469837549448353,1,2
11,0.25,0.0,0.0,0.25,0.0,0.25,0.5,0.5,0.25,0.25,-0.14396162502504417,0.06162827365269635,2,3
12,0.0,0.0,0.0,0.0,0.0,0.75,0.0,0.75,0.5,0.75,0.3030585841863741,-0.5190646698551673,4,4
13,0.0,0.0,0.0,0.0,0.0,0.5,0.0,0.75,0.5,1.0,0.32728411696973014,-0.491569467711411,4,4
14,0.0,0.0,0.0,0.0,0.0,0.0,0.0,0.5,0.0,0.5,-0.45007766623142187,-0.253549186449708,2,1
15,0.0,0.0,0.0,0.0,0.0,0.0,0.0,0.5,0.25,0.5,-0.32193217003190444,-0.2569831557107438,2,1
16,0.125,0.0,0.0,0.0,0.0,0.75,0.0,0.0,0.5,0.75,-0.03328646668398738,-0.4331399046206379,4,4
17,0.0,0.0,0.0,0.0,0.0,1.0,0.0,0.0,1.0,1.0,0.41669734334955366,-0.6324007130771634,4,4
18,0.0,0.0,0.0,0.0,0.0,0.0,0.0,0.0,0.0,0.0,-0.9076332924030855,-0.1615647600794095,2,1
19,0.875,0.0,0.0,0.0,0.0,0.75,0.0,0.5,1.0,1.0,0.6224448747505281,-0.019895255414377422,4,4
20,0.0,0.0,0.0,0.0,0.0,0.5,0.0,0.0,0.25,0.5,-0.37361347072628326,-0.39354876731725064,2,1
21,0.0,0.0,0.0,0.0,0.0,0.75,0.0,0.0,0.75,1.0,0.19919603217239323,-0.5580816332500482,4,4
22,0.0,0.0,0.0,0.75,0.0,0.0,0.0,0.75,0.75,0.75,0.4529566289046635,-0.225024820365126,4,4
23,0.0,0.0,0.0,0.5,0.0,0.0,0.0,0.5,0.25,0.0,-0.35588153658610244,-0.11365768083087163,2,4
24,0.125,0.3333333333333333,0.0,0.75,0.0,0.75,0.0,0.5,0.5,0.75,0.5054393763959854,-0.1937239880757841,4,4
25,0.25,0.3333333333333333,0.0,0.75,0.0,1.0,0.0,1.0,1.0,1.0,1.2043048072874636,-0.24195370416585926,3,4
26,0.0,0.0,0.0,0.75,0.0,0.75,0.0,0.75,0.75,0.75,0.7210240738375927,-0.4376801520633644,3,4
27,0.0,0.0,0.0,0.5,0.0,0.75,0.0,0.5,0.5,0.75,0.38107544782934244,-0.45991670705711546,4,4
28,0.0,0.0,0.0,0.75,0.0,1.0,0.0,1.0,1.0,1.0,1.1673031981005848,-0.5579914450756289,3,4
29,0.0,0.0,0.0,0.5,0.0,0.75,0.0,0.75,0.75,1.0,0.7379987571146914,-0.5093428895033005,3,4
30,0.0,0.0,0.0,0.5,0.0,0.5,0.0,0.75,0.5,0.5,0.29333475041553225,-0.34824399283153884,4,4
31,0.0,0.0,0.0,0.75,0.0,1.0,0.0,1.0,1.0,1.0,1.1673031981005848,-0.5579914450756289,3,4
32,0.0,0.0,0.0,0.5,0.0,0.75,0.0,0.75,0.75,0.75,0.6244174093536922,-0.4659529810809773,4,4
33,0.0,0.0,0.0,0.5,0.0,0.75,0.0,0.75,0.75,0.75,0.6244174093536922,-0.4659529810809773,4,4
34,0.0,0.0,0.0,0.75,0.3333333333333333,0.75,0.0,0.75,0.75,1.0,0.8484045920128361,-0.3611400672191213,3,4
35,0.0,0.0,0.0,0.5,0.0,0.75,0.0,0.75,0.75,1.0,0.7379987571146914,-0.5093428895033005,3,4
36,0.125,0.0,0.0,0.5,0.0,0.25,0.5,0.5,0.75,0.5,0.3132730345147542,-0.03847459522013674,3,3
37,0.125,0.0,0.0,0.75,0.0,0.5,1.0,0.5,1.0,0.5,0.7144817332738592,0.07707725456784195,3,3
38,0.0,0.0,0.0,0.75,0.0,0.5,0.5,0.5,1.0,0.75,0.7317180128326785,-0.2060286053980136,3,3
39,0.0,0.0,0.0,0.75,0.0,0.5,0.5,0.5,1.0,0.5,0.618136665071679,-0.16263869697569042,3,3
40,0.0,0.0,0.0,0.75,0.0,0.75,0.5,0.5,1.0,0.5,0.707492480049322,-0.23352380754176988,3,3
41,0.0,0.0,0.0,0.5,0.0,0.5,0.5,0.5,1.0,0.75,0.6351113483487781,-0.2343014344156265,3,3
42,0.0,0.0,0.0,0.5,0.0,0.5,0.0,0.5,0.5,0.5,0.17813828509069973,-0.34564168806871276,4,4
43,0.0,0.0,0.0,0.75,0.0,0.75,0.5,0.75,1.0,0.5,0.8226889453741545,-0.23612611230459593,3,3
44,0.0,0.0,0.0,0.5,0.0,0.5,0.5,0.5,1.0,0.5,0.5215300005877787,-0.1909115259933033,3,3
45,0.0,0.0,0.0,0.75,0.0,0.5,0.5,0.5,1.0,0.5,0.618136665071679,-0.16263869697569042,3,3
46,0.0,0.0,0.0,0.75,0.0,0.5,0.5,0.5,1.0,0.5,0.618136665071679,-0.16263869697569042,3,3
47,0.0,0.0,0.0,0.75,0.0,0.5,0.5,0.5,0.75,0.75,0.603572516633161,-0.20259463613697778,3,3
48,0.0,0.0,0.0,0.25,0.0,0.75,0.0,0.5,0.25,0.75,0.15632328714592447,-0.48475556681369253,4,4
49,0.5,0.0,0.5,0.75,0.0,0.75,0.5,0.75,0.75,0.75,0.8595402458318103,0.11073121030184735,3,3
50,0.0,0.0,0.0,0.0,0.0,0.5,0.0,0.5,0.5,0.5,-0.015075043877100902,-0.4021873461039386,4,4
51,0.375,0.6666666666666667,0.0,0.25,0.0,0.25,0.5,0.75,0.5,0.75,0.37281321508265364,0.3665341117655739,1,2
52,0.375,0.6666666666666667,0.0,0.25,0.0,0.25,0.5,0.75,0.5,0.75,0.37281321508265364,0.3665341117655739,1,2
53,0.0,0.0,0.0,0.0,0.0,0.25,0.0,0.5,0.0,0.5,-0.36072185125377876,-0.32443429701578747,2,1
54,0.0,0.0,0.0,0.25,0.0,0.5,0.0,0.25,0.25,0.5,-0.16181034091755042,-0.3678782430624638,4,1
55,0.5,0.3333333333333333,1.0,0.75,0.0,0.25,0.5,0.75,0.75,0.75,0.7137796033347602,0.4866453284351993,3,3
56,0.0,0.0,0.0,0.0,0.0,0.25,0.5,0.5,0.25,1.0,0.08168706356578148,-0.2530499825239886,4,4
57,0.125,0.0,0.0,0.25,0.3333333333333333,0.25,1.0,0.75,0.5,0.5,0.30461723266845697,0.2156123341245076,3,3
58,0.125,0.0,0.0,0.25,0.3333333333333333,0.25,1.0,0.75,0.5,0.5,0.30461723266845697,0.2156123341245076,3,3
59,0.0,0.0,0.0,0.25,0.0,0.25,1.0,0.75,0.25,0.75,0.2670095687115589,-0.0223914492493974,3,3
60,0.0,0.0,0.0,0.0,0.0,0.0,0.0,0.0,0.0,0.0,-0.9076332924030855,-0.1615647600794095,2,1
61,0.0,0.0,0.0,0.25,0.0,0.25,0.0,0.25,0.25,0.25,-0.3647475036561929,-0.25360322407406116,2,1
62,0.0,0.0,0.0,0.0,0.0,0.0,0.0,0.0,0.0,0.0,-0.9076332924030855,-0.1615647600794095,2,1
63,0.25,0.3333333333333333,0.0,0.25,0.0,0.0,0.0,0.25,0.0,0.5,-0.43166585788547523,0.09336368824050073,2,1
64,0.25,0.3333333333333333,0.0,0.25,0.0,0.0,0.0,0.25,0.0,0.5,-0.43166585788547523,0.09336368824050073,2,1
65,0.0,0.0,0.0,0.0,0.0,0.0,0.0,0.25,0.0,0.0,-0.7924368270782531,-0.16416706484223556,2,1
66,0.0,0.0,0.0,0.0,0.0,0.0,0.0,0.0,0.0,0.0,-0.9076332924030855,-0.1615647600794095,2,1
67,0.125,0.0,0.0,0.25,0.0,0.25,0.5,0.25,0.25,0.25,-0.26840243545401277,-0.013887272530528794,2,1
68,0.0,0.0,0.0,0.25,0.0,0.25,0.0,0.25,0.25,0.25,-0.3647475036561929,-0.25360322407406116,2,1
69,0.125,0.0,0.0,0.5,0.0,0.25,0.5,0.25,0.25,0.5,-0.058214423209113075,-0.029004351935239064,4,3
70,0.125,0.0,0.0,0.5,0.0,0.25,0.5,0.25,0.25,0.5,-0.058214423209113075,-0.029004351935239064,4,3
71,0.0,0.0,0.0,0.25,0.0,0.0,0.5,0.25,0.25,0.25,-0.36700259553579195,-0.021120012910500585,2,1
72,0.125,0.0,0.0,0.0,0.0,0.0,0.0,0.25,0.0,0.25,-0.6696111342131177,-0.12943912231850752,2,1
73,0.625,0.0,0.0,0.0,0.0,0.0,0.0,0.75,0.25,0.75,-0.04693263142539217,0.08761388583436314,4,1
74,0.0,0.0,0.0,0.0,0.0,0.0,0.5,0.25,0.0,0.25,-0.5917547562192097,-0.04595887266707764,2,1
75,0.125,0.0,0.0,0.25,0.0,0.0,0.0,0.0,0.0,0.25,-0.6882009350540497,-0.09856398853806857,2,1
76,0.625,0.3333333333333333,0.0,0.0,0.0,0.0,0.0,0.5,0.25,0.75,-0.14361617777161817,0.2500182296148565,1,1
77,0.0,0.0,0.0,0.25,0.0,0.0,0.5,0.25,0.0,0.0,-0.6087294394963088,0.025703864772858437,2,1
78,0.0,0.0,0.0,0.0,0.0,0.0,0.0,0.0,0.0,0.0,-0.9076332924030855,-0.1615647600794095,2,1
79,0.5,0.0,0.0,0.0,0.0,0.0,0.0,0.25,0.0,0.25,-0.6418780989007093,0.10491443051964622,2,1
80,0.0,0.0,0.0,0.0,0.0,0.0,0.5,0.25,0.0,0.75,-0.36459206069721095,-0.13273868951172402,2,1
81,0.25,0.0,0.0,0.0,0.0,0.0,0.5,0.25,0.0,0.5,-0.4596847182499382,0.06688692080270167,2,1
82,0.125,0.0,0.0,0.5,0.3333333333333333,0.0,0.5,0.5,0.25,0.5,-0.0185746024476795,0.15920844713458066,4,3
83,0.0,0.0,0.0,0.0,0.0,0.0,0.5,0.25,0.0,0.25,-0.5917547562192097,-0.04595887266707764,2,1
84,0.25,0.3333333333333333,0.5,0.0,0.0,0.0,0.0,0.0,0.25,0.0,-0.7280481185370601,0.22538086955285008,2,2
85,0.5,0.0,0.0,0.5,0.0,0.25,0.0,0.5,0.5,0.5,0.12575985052960104,0.037714826281571606,4,4
86,0.125,0.0,0.0,0.25,0.0,0.0,0.0,0.25,0.0,0.25,-0.5730044697292173,-0.1011662933008946,2,1
87,0.25,0.0,0.0,0.25,0.0,0.25,0.0,0.25,0.25,0.5,-0.23267746568692138,-0.14075743060428186,2,4
88,0.625,0.0,0.0,0.5,0.3333333333333333,0.25,0.0,0.5,0.5,0.25,0.035222018286982015,0.27915257891651246,1,4
89,0.125,0.0,0.0,0.5,0.0,0.25,0.0,0.25,0.25,0.5,-0.14531514630715703,-0.19060245253272018,4,4
90,0.0,0.0,0.0,0.0,0.0,0.0,0.0,0.0,0.0,0.0,-0.9076332924030855,-0.1615647600794095,2,1
91,0.625,0.0,0.0,0.5,0.0,0.75,0.0,0.75,0.5,0.75,0.5424936386748552,-0.07192975708968526,4,4
92,0.125,0.0,0.0,0.0,0.0,0.0,0.0,0.0,0.0,0.25,-0.7848075995379501,-0.12683681755568146,2,1
93,0.25,0.0,0.0,0.5,0.0,0.5,0.0,0.5,0.25,0.5,0.06848147909945457,-0.1859720169155745,4,4
94,0.5,0.0,0.0,0.75,0.0,0.5,0.0,0.75,0.75,0.75,0.668645639276494,-0.05432363771307998,3,4
95,0.125,0.0,0.0,0.5,0.0,0.5,0.5,0.5,0.25,0.25,0.03275650933236318,-0.059101858841821384,4,3
96,0.375,0.0,0.0,0.0,0.0,0.0,0.0,0.25,0.25,0.25,-0.5229769478053281,0.02336261031255915,2,1
97,0.5,0.3333333333333333,0.0,0.0,0.3333333333333333,0.25,0.0,0.5,0.25,0.25,-0.2768682330058658,0.3077250782139386,1,2
98,0.375,0.0,0.0,0.0,0.0,0.25,0.0,0.25,0.25,0.5,-0.3200397850666856,-0.09091240867584352,2,1
99,0.5,0.0,0.0,0.0,0.0,0.25,0.0,0.25,0.25,0.25,-0.4243767877235489,0.030595350692530887,2,1
100,0.125,0.0,0.0,0.25,0.0,0.25,0.0,0.5,0.5,0.5,0.0014201507332923802,-0.22491155557419495,4,4
101,0.5,0.0,0.0,0.0,0.0,0.25,0.0,0.25,0.0,0.5,-0.438940936162067,-0.009360588468756481,2,1
102,0.5,0.0,0.0,0.0,0.0,0.25,0.0,0.25,0.25,0.25,-0.4243767877235489,0.030595350692530887,2,1
103,0.125,0.0,0.0,0.0,0.0,0.5,0.0,0.5,0.5,0.5,-0.005830698772964937,-0.32406949515788736,4,4
105,0.375,0.0,0.0,0.0,0.0,0.25,0.0,0.25,0.0,0.25,-0.5617666290272024,-0.04408853099248451,2,1
106,0.25,0.0,0.0,0.0,0.0,0.5,0.0,0.25,0.5,0.5,-0.11178281899366127,-0.24334933944901005,4,4
107,0.125,0.0,0.0,0.25,0.0,0.25,0.5,0.5,0.25,0.5,-0.039624622368180984,-0.059879485715678,4,3
108,0.25,0.0,0.0,0.25,0.0,0.25,0.0,0.5,0.25,0.5,-0.11748100036208886,-0.14335973536710792,4,4
109,0.375,0.0,0.0,0.5,0.0,0.5,0.5,0.5,0.5,0.5,0.29297204350115214,0.05030996536692209,3,3
110,0.25,0.0,0.0,0.25,0.0,0.25,0.5,0.25,0.25,0.25,-0.2591580903498767,0.06423057841552243,2,1
111,0.5,0.3333333333333333,0.0,0.25,0.6666666666666667,0.25,0.0,0.25,0.25,0.25,-0.28165886343255386,0.45853020526094385,1,2
112,0.5,0.3333333333333333,0.0,0.5,0.3333333333333333,0.5,0.5,0.5,0.5,0.5,0.3345284779981387,0.40815984859720694,1,2
113,0.25,0.0,0.0,0.25,0.0,0.25,0.5,0.25,0.0,0.25,-0.3873035865493941,0.06766454767655827,2,1
114,0.5,0.3333333333333333,0.0,0.25,0.6666666666666667,0.25,0.0,0.25,0.25,0.25,-0.28165886343255386,0.45853020526094385,1,2
115,0.875,0.3333333333333333,0.0,0.25,0.6666666666666667,0.25,0.5,0.25,0.5,0.5,0.07490173893841523,0.8076579810132194,1,2
116,0.25,0.0,0.0,0.0,0.0,0.25,0.5,0.25,0.25,0.5,-0.24218340707277775,-0.007432159024413659,2,1
117,0.125,0.0,0.0,0.5,0.0,0.5,0.5,0.5,0.25,0.25,0.03275650933236318,-0.059101858841821384,4,3
118,0.25,0.0,0.0,0.75,0.0,0.75,0.5,0.5,0.5,0.75,0.5832715256195588,-0.11381007554991894,3,3
119,0.25,0.0,0.0,0.75,0.0,0.5,1.0,0.5,0.25,0.5,0.3392895897794429,0.16549701329700056,3,3
121,0.375,0.0,0.0,0.0,0.0,0.5,0.0,0.5,0.75,0.5,0.14080348763482464,-0.17126776252682066,4,4
123,0.5,0.3333333333333333,0.0,0.0,0.0,0.5,0.0,0.25,0.0,0.25,-0.4446535499668168,0.1229462484051545,2,1
124,0.5,0.6666666666666667,0.5,0.0,0.0,0.5,0.0,0.75,0.5,0.5,0.1885627083011182,0.3016276889363004,1,2
126,0.25,0.3333333333333333,0.0,0.0,0.0,0.5,0.0,0.5,0.25,0.75,0.007362416871259714,-0.12610554435545623,4,4
127,0.5,0.6666666666666667,0.0,0.0,0.0,0.5,0.0,0.0,0.5,0.5,-0.1714647561530086,0.23509274524125295,1,2
128,0.0,0.0,0.0,0.0,0.0,0.5,0.0,0.25,0.0,0.5,-0.3865625016009683,-0.39271710281904093,2,1
129,0.125,0.0,0.0,0.0,0.0,0.25,0.5,0.75,0.75,0.5,0.23525617087178607,-0.09762255801818862,4,3
130,0.375,0.3333333333333333,0.5,0.0,0.0,0.5,0.0,0.0,0.25,0.0,-0.540092143477638,0.16172849936674238,2,2
131,0.625,0.0,0.0,0.0,0.0,0.5,1.0,0.0,0.0,0.5,-0.2813357952090323,0.32367065786900356,2,1
132,0.625,0.0,0.0,0.5,0.3333333333333333,0.75,0.0,0.25,0.25,0.75,0.19775438223991693,0.05663881496356904,4,2
133,0.25,0.3333333333333333,0.0,0.25,0.0,0.25,0.0,0.25,0.25,0.25,-0.32774589446931424,0.06243451683570855,2,1
134,0.25,0.3333333333333333,0.0,0.5,0.3333333333333333,0.75,0.0,0.5,0.5,0.5,0.3182948796694657,0.019440935541543775,4,2
135,0.75,0.3333333333333333,0.0,0.25,0.6666666666666667,0.25,0.0,0.5,0.25,0.25,-0.1479737078994492,0.6121636023902204,1,2
136,0.875,0.6666666666666667,0.0,0.5,1.0,0.5,0.0,0.5,0.25,0.25,0.079545206059081,0.9274012040720383,1,2
137,0.125,0.3333333333333333,0.0,0.25,0.3333333333333333,0.5,0.0,0.5,0.5,0.5,0.12308805510378618,-0.016064633856040816,4,2
138,0.625,0.3333333333333333,0.0,0.0,0.3333333333333333,0.0,0.0,0.0,0.25,0.0,-0.7009539812900372,0.5053225576740445,2,2
139,0.625,0.3333333333333333,0.0,0.25,0.3333333333333333,0.25,0.0,0.25,0.25,0.5,-0.17263234098166247,0.37332815451810536,1,2
140,0.125,0.0,0.0,0.25,0.3333333333333333,0.25,0.0,0.25,0.25,0.25,-0.34170398813781266,-0.055555379861443585,2,1
141,0.25,0.3333333333333333,0.0,0.25,0.3333333333333333,0.5,0.5,0.75,0.5,0.75,0.4482109363917982,0.17765910450234235,3,2
142,0.625,0.3333333333333333,0.0,0.25,1.0,0.25,0.5,0.5,0.25,0.25,-0.05631815949129715,0.8155738453082162,1,2
143,0.0,0.0,0.0,0.5,0.0,0.25,0.0,0.5,0.25,0.25,-0.15294437384746007,-0.22793269981927428,4,4
144,0.375,0.0,0.0,0.5,0.3333333333333333,0.5,0.5,0.5,0.75,0.5,0.4349167101149135,0.16680598937245267,3,3
145,0.75,0.3333333333333333,0.0,0.5,0.3333333333333333,0.5,0.0,0.5,0.75,0.5,0.3940619413078844,0.39936348063079247,1,2
146,0.5,0.3333333333333333,0.0,0.5,0.0,0.5,0.0,0.5,0.75,0.75,0.4753554284463676,0.07980787704980041,4,2
147,0.625,0.3333333333333333,0.0,0.5,0.3333333333333333,0.5,0.0,0.5,0.75,0.75,0.4983989439647477,0.27785572126241803,1,2
148,0.75,1.0,0.0,0.75,0.6666666666666667,0.75,0.5,0.75,0.75,0.5,0.8331466175637613,0.955281066218882,1,2
149,0.25,0.0,0.0,0.5,0.0,0.5,0.5,0.75,0.75,0.75,0.6406510076823654,-0.07723406802531425,3,3
150,0.25,0.0,0.0,0.25,0.0,0.25,0.0,0.5,0.5,0.5,0.010664495837428567,-0.14679370462814373,4,4
151,0.5,0.0,0.0,0.25,0.0,0.25,0.0,0.5,0.5,0.5,0.02915318604570072,0.009441997263958751,4,4
152,0.375,0.0,0.0,0.25,0.3333333333333333,0.5,0.5,0.75,0.5,0.5,0.3253610147563283,0.13936482485304952,3,3
153,0.375,0.3333333333333333,0.0,0.25,0.0,0.5,0.0,0.5,0.75,0.5,0.2559230710973316,0.016807105508459458,4,2
154,0.375,0.6666666666666667,0.0,0.5,0.6666666666666667,0.25,0.0,0.5,0.5,0.75,0.2947210319721657,0.47567113148166457,1,2
155,0.25,0.0,0.0,0.5,0.0,0.5,0.0,0.5,0.75,0.75,0.4383538192594888,-0.2362298638599693,4,4
156,0.25,0.3333333333333333,0.0,0.0,0.0,0.0,0.0,0.25,0.0,0.25,-0.6418538701303751,0.10848076764521097,2,1
157,0.5,0.3333333333333333,0.0,0.0,0.3333333333333333,0.0,0.0,0.25,0.0,0.25,-0.6095660095078588,0.3846464628038799,2,2
158,0.125,0.0,0.0,0.25,0.0,0.0,0.0,0.5,0.25,0.5,-0.21608116044386805,-0.15059247574707968,2,4
159,0.125,0.0,0.0,0.25,0.0,0.0,0.0,0.25,0.0,0.25,-0.5730044697292173,-0.1011662933008946,2,1
160,0.375,0.0,0.0,0.5,0.0,0.0,0.0,0.75,0.5,0.75,0.25593750353365385,-0.01551012728354928,4,4
161,0.25,0.3333333333333333,0.0,0.25,0.0,0.0,0.0,0.25,0.0,0.25,-0.5452472056464746,0.13675359666282388,2,1
162,0.125,0.0,0.0,0.0,0.0,0.0,0.0,0.0,0.0,0.25,-0.7848075995379501,-0.12683681755568146,2,1
163,0.375,0.3333333333333333,0.0,0.25,0.0,0.0,0.0,0.25,0.25,0.25,-0.40785736434282116,0.21143747834783932,2,1
164,0.25,0.0,0.0,0.25,0.0,0.0,0.5,0.25,0.0,0.25,-0.4766594015270371,0.1385496582426377,2,1
165,0.25,0.0,0.0,0.25,0.0,0.0,0.0,0.25,0.0,0.25,-0.5637601246250812,-0.02304844235484338,2,1
166,0.625,0.6666666666666667,0.0,0.5,0.3333333333333333,0.0,0.0,0.5,0.5,0.5,0.0964733890275512,0.6262518590956032,1,2
167,0.25,0.0,0.0,0.25,0.0,0.0,0.5,0.25,0.25,0.25,-0.3485139053275197,0.13511568898160187,2,1
168,0.25,0.0,0.0,0.0,0.0,0.0,0.5,0.0,0.0,0.25,-0.68846253133577,0.11287913398785088,2,1
169,0.625,0.3333333333333333,0.0,0.5,0.0,0.75,0.5,0.75,0.75,0.75,0.7762527769510231,0.2460364132644272,3,2
170,0.0,0.0,0.0,0.0,0.0,0.25,0.5,0.0,0.0,0.5,-0.5040140588053997,-0.15763158689265427,2,1
171,0.125,0.0,0.0,0.0,0.0,0.25,0.5,0.0,0.0,0.25,-0.608351061462263,-0.03612382752427984,2,1
172,0.75,0.3333333333333333,0.0,0.25,0.3333333333333333,0.25,0.5,0.5,0.25,0.5,0.03890919254535008,0.6104418012988118,1,2
173,0.125,0.0,0.0,0.25,0.0,0.5,0.5,0.75,0.25,0.5,0.16492765793429454,-0.13336690104458354,4,3
174,0.5,0.3333333333333333,0.5,0.0,0.0,0.5,0.5,0.0,0.25,0.75,-0.10300303199245975,0.2712747256433052,1,2
175,1.0,1.0,0.5,0.5,0.3333333333333333,0.0,0.5,0.75,1.0,0.5,0.6157455926201069,1.2468771662475333,1,2
176,0.25,0.0,0.0,0.25,0.0,0.75,0.5,0.5,0.25,1.0,0.37549404821323995,-0.21031167274643214,4,4
177,0.0,0.0,0.0,0.0,0.0,0.5,0.0,0.0,0.0,0.25,-0.6153403146868001,-0.34672488963389164,2,1
178,0.25,0.3333333333333333,0.0,0.25,0.0,0.5,0.5,0.75,0.75,0.75,0.5625572621770715,0.05429514197474011,3,2
179,0.0,0.0,0.0,0.25,0.0,0.5,0.5,0.75,0.5,0.75,0.3974101567906755,-0.2583086296739938,3,3
180,0.0,0.0,0.0,0.75,0.0,0.5,0.0,0.5,0.5,0.75,0.38832629733559976,-0.36075876747342306,4,4
181,0.125,0.0,0.0,0.75,0.0,0.5,0.0,0.75,0.75,0.75,0.6409126039640857,-0.2886771905512337,3,4
182,0.0,0.0,0.0,0.5,0.0,0.25,0.0,0.5,0.5,0.5,0.08878247011305673,-0.27475657750263327,4,4
183,0.0,0.0,0.0,0.25,0.0,0.25,0.0,0.5,0.25,0.25,-0.2495510383313604,-0.2562055288368872,2,4
184,0.25,0.3333333333333333,0.0,0.25,0.0,0.25,0.0,0.5,0.0,0.5,-0.22711357758299977,0.019876272911595133,2,1
185,0.125,0.0,0.0,0.25,0.0,0.25,0.0,0.25,0.25,0.5,-0.24192181079105746,-0.2188752815503331,2,4
186,0.0,0.0,0.0,0.5,0.0,0.5,0.0,0.5,0.5,0.5,0.17813828509069973,-0.34564168806871276,4,4
187,0.625,0.3333333333333333,0.0,0.75,0.0,0.75,0.0,0.75,0.75,0.75,0.7857587183368796,0.11271114168455898,3,4
188,0.0,0.0,0.0,0.5,0.0,0.5,0.0,0.75,0.5,0.75,0.40691609817653174,-0.391633901253862,4,4
189,0.0,0.0,0.0,0.5,0.0,0.5,0.0,0.5,0.25,0.0,-0.17716990663081633,-0.25542790196303056,4,4
190,0.125,0.0,0.0,0.75,0.0,0.5,0.0,0.5,0.75,0.75,0.5257161386392531,-0.2860748857884077,4,4
191,0.0,0.0,0.0,0.25,0.0,0.25,0.0,0.5,0.5,0.25,-0.12140554213184296,-0.259639498097923,4,4
192,0.0,0.0,0.0,0.0,0.0,0.0,0.0,0.25,0.25,0.25,-0.5507099831177362,-0.21099094252559458,2,1
193,0.375,0.3333333333333333,0.0,0.75,0.3333333333333333,0.25,1.0,1.0,1.0,1.0,1.1334823240690026,0.4919456729399589,3,3
194,0.125,0.0,0.0,0.0,0.0,0.0,0.0,0.25,0.25,0.25,-0.5414656380136003,-0.1328730915795433,2,1
195,0.125,0.0,0.0,0.25,0.0,0.0,0.0,0.25,0.25,0.25,-0.44485897352969983,-0.10460026256193042,2,1
196,0.25,0.3333333333333333,0.5,0.5,0.3333333333333333,0.0,1.0,1.0,1.0,0.75,0.839132220221953,0.5741718699482234,3,3
197,0.125,0.0,0.0,0.25,0.0,0.25,0.0,0.25,0.25,0.25,-0.35550315855205683,-0.1754853731280099,2,1
198,0.125,0.0,0.0,0.25,0.3333333333333333,0.0,0.0,0.0,0.0,0.25,-0.6744017646398056,0.021366004728497756,2,1
199,0.375,0.0,0.0,0.75,0.3333333333333333,0.0,0.5,1.0,1.0,1.0,0.938512867014709,0.24143064389089008,3,3
200,0.0,0.0,0.0,0.0,0.0,0.0,0.0,0.25,0.25,0.25,-0.5507099831177362,-0.21099094252559458,2,1
201,0.25,0.0,0.0,0.25,0.3333333333333333,0.0,0.0,0.25,0.5,0.0,-0.40725130957280165,0.13340352081197454,2,1
202,0.5,0.3333333333333333,1.0,0.75,1.0,0.25,1.0,0.5,1.0,0.75,0.8552268685502212,1.0072017443341696,3,3
203,0.0,0.0,0.0,0.0,0.0,0.25,0.0,0.0,0.0,0.75,-0.4775334341424443,-0.36261959591245857,2,1
204,0.125,0.0,0.0,0.0,0.0,0.25,0.5,0.25,0.0,0.25,-0.49315459613743057,-0.03872613228710588,2,1
205,0.5,0.6666666666666667,0.0,0.5,0.0,0.0,0.0,0.5,0.5,0.5,0.07342987350917107,0.4282040148829856,1,2
206,0.0,0.0,0.0,0.0,0.0,0.0,0.5,0.25,0.0,0.0,-0.7053361039802091,-0.002568964244754446,2,1
207,0.125,0.0,0.0,0.0,0.0,0.25,0.5,0.0,0.0,0.0,-0.7219324092232624,0.00726608089804337,2,1
208,0.625,0.3333333333333333,0.0,0.5,0.3333333333333333,0.0,0.5,0.75,0.75,0.75,0.5219845024323381,0.578621738229232,1,2
209,0.125,0.0,0.0,0.0,0.0,0.0,0.5,0.0,0.0,0.0,-0.8112882242009054,0.07815119146412286,2,1
210,0.125,0.0,0.0,0.0,0.0,0.25,0.0,0.25,0.25,0.25,-0.45210982303595715,-0.2037582021456228,2,1
211,1.0,0.6666666666666667,0.5,0.75,0.0,0.25,0.0,0.75,0.75,0.75,0.6677311111522376,0.7229788126560648,1,2
212,0.125,0.3333333333333333,0.0,0.25,0.3333333333333333,0.0,0.5,0.0,0.0,0.0,-0.6823694703241544,0.38615605276596937,2,1
213,0.0,0.0,0.0,0.0,0.0,0.0,0.0,0.0,0.0,0.0,-0.9076332924030855,-0.1615647600794095,2,1
214,0.125,0.3333333333333333,0.0,0.5,0.0,0.25,0.5,0.75,0.5,0.5,0.3188369226186759,0.12215910829574034,3,3
215,0.0,0.0,0.0,0.25,0.0,0.25,0.5,0.25,0.0,0.25,-0.40579227675766627,-0.0885711542155442,2,1
216,0.125,0.0,0.0,0.0,0.0,0.0,0.0,0.0,0.0,0.25,-0.7848075995379501,-0.12683681755568146,2,1
217,0.125,0.0,0.0,0.0,0.0,0.25,0.0,0.25,0.5,0.5,-0.21038297907544035,-0.25058207982898184,4,4
218,0.125,0.0,0.0,0.0,0.0,0.0,0.0,0.0,0.0,0.5,-0.6712262517769507,-0.17022672597800464,2,1
219,0.125,0.0,0.0,0.0,0.0,0.0,0.0,0.0,0.0,0.25,-0.7848075995379501,-0.12683681755568146,2,1
220,0.125,0.0,0.0,0.25,0.0,0.0,0.0,0.5,0.5,0.5,-0.08793566424435062,-0.1540264450081155,4,4
221,0.125,0.0,0.0,0.0,0.0,0.0,0.0,0.0,0.0,0.0,-0.8983889472989495,-0.08344690913335827,2,1
222,0.375,0.3333333333333333,0.0,0.0,0.0,0.0,0.0,0.0,0.0,0.0,-0.8613873381120708,0.2325908317764115,2,2
223,0.25,0.0,0.0,0.25,0.3333333333333333,0.25,0.0,0.25,0.5,0.5,-0.09073279907315979,-0.024261406598751367,4,1
224,0.125,0.0,0.0,0.0,0.3333333333333333,0.0,0.0,0.0,0.0,0.0,-0.8845897768847053,0.03648308413320808,2,1
225,0.125,0.0,0.0,0.0,0.0,0.0,0.0,0.0,0.0,0.0,-0.8983889472989495,-0.08344690913335827,2,1
226,0.125,0.3333333333333333,0.0,0.25,0.0,0.0,0.0,0.5,0.25,0.25,-0.3111495892262609,0.05259947169291074,2,1
227,0.125,0.0,0.0,0.0,0.0,0.0,0.0,0.0,0.0,0.0,-0.8983889472989495,-0.08344690913335827,2,1
228,0.0,0.0,0.0,0.0,0.0,0.0,0.0,0.5,0.25,0.5,-0.32193217003190444,-0.2569831557107438,2,1
229,0.5,0.6666666666666667,0.0,0.75,0.0,0.25,0.0,1.0,0.75,0.75,0.7315121275808963,0.33356324612550786,3,2
230,0.0,0.0,0.0,0.0,0.0,0.0,0.0,0.0,0.0,0.25,-0.7940519446420862,-0.20495466850173272,2,1
231,0.125,0.0,0.0,0.0,0.0,0.5,0.0,0.5,0.25,0.5,-0.13397619497248225,-0.3206355258968515,4,4
232,0.75,0.3333333333333333,0.0,0.5,0.0,0.25,0.0,1.0,0.25,0.5,0.26500889416662743,0.3519819269267251,1,2
233,0.0,0.0,0.0,0.0,0.0,0.25,0.0,0.25,0.0,0.5,-0.4759183165786113,-0.32183199225296144,2,1
234,0.5,0.0,0.0,0.25,0.0,0.25,0.0,0.5,0.0,0.0,-0.4543005018753329,0.10308975263067677,2,1
235,1.0,0.6666666666666667,0.5,0.5,0.0,0.25,0.0,1.0,0.5,0.5,0.44459406803265267,0.7389275565589846,1,2
236,0.0,0.0,0.0,0.25,0.0,0.5,0.0,0.75,0.25,0.75,0.182163937493114,-0.4164727610104391,4,4
237,0.125,0.0,0.0,0.25,0.0,0.5,0.0,0.5,0.25,0.75,0.07621181727241755,-0.3357526053015618,4,4
238,0.5,0.0,0.0,0.75,0.0,0.25,0.0,1.0,0.75,1.0,0.8080676373846826,-0.029430740332149763,3,4
239,0.0,0.0,0.0,0.25,1.0,0.0,1.0,0.75,0.25,0.25,-0.008111430545350684,0.49506345796102763,1,3
240,0.375,0.3333333333333333,0.0,0.25,0.0,0.0,0.0,0.25,0.5,0.75,-0.052549172621304985,0.12122369224215718,4,4
241,0.0,0.0,0.0,0.5,0.0,0.5,0.5,0.25,0.5,0.75,0.26362389062491076,-0.2248311911307288,4,3
242,0.125,0.0,0.0,0.25,0.0,0.0,0.0,0.25,0.0,0.25,-0.5730044697292173,-0.1011662933008946,2,1
243,0.125,0.0,0.0,0.25,0.0,0.0,0.0,0.25,0.0,0.25,-0.5730044697292173,-0.1011662933008946,2,1
244,0.0,0.0,0.0,0.5,0.0,0.5,0.0,0.5,0.5,0.5,0.17813828509069973,-0.34564168806871276,4,4
245,0.125,0.0,0.0,0.5,0.0,0.0,0.5,0.5,0.25,0.75,0.08120757489907582,-0.004111454554308891,4,3
246,0.25,0.0,0.0,0.0,0.0,0.0,0.0,0.25,0.25,0.0,-0.6458026406704636,-0.011365332211168894,2,1
247,0.625,0.6666666666666667,0.0,0.5,0.3333333333333333,0.0,0.0,0.25,0.25,0.25,-0.260449920257798,0.6756780415417885,1,2
248,0.375,0.0,0.0,0.25,0.0,0.0,0.5,0.25,0.25,0.25,-0.3392695602233836,0.21323353992765315,2,1
249,0.5,0.6666666666666667,0.0,0.5,0.6666666666666667,0.0,1.0,0.25,0.25,0.5,0.031887699009397474,0.9972964766349426,1,2
250,0.625,0.3333333333333333,0.0,0.5,0.3333333333333333,0.0,0.5,0.5,0.25,0.75,0.15049704470847092,0.5880919815141299,1,2
251,0.0,0.3333333333333333,0.0,0.5,0.0,0.0,0.0,0.5,0.25,0.75,0.003375425675502197,-0.08402536708017395,4,4
252,0.0,0.0,0.0,0.0,0.0,0.25,0.0,0.75,0.5,0.5,0.010765606470088396,-0.33390454030068517,4,4
253,0.0,0.0,0.0,0.0,0.0,0.5,0.0,0.75,1.0,1.0,0.583575109368765,-0.49843740623348265,4,4
254,0.0,0.0,0.0,0.0,0.0,0.25,0.0,0.75,0.5,0.5,0.010765606470088396,-0.33390454030068517,4,4
255,0.0,0.0,0.0,0.0,0.0,0.25,0.0,0.75,0.5,0.5,0.010765606470088396,-0.33390454030068517,4,4
256,0.0,0.0,0.0,0.25,0.0,0.75,0.0,1.0,0.75,1.0,0.7565885579556236,-0.5402180232837395,3,4
257,0.375,0.0,0.0,0.0,0.0,0.25,0.0,0.75,0.25,0.5,-0.0896468544170207,-0.0961170182014956,4,1
258,0.25,0.0,0.0,0.0,0.0,0.25,0.0,0.5,0.25,0.25,-0.32766901260698866,-0.1282426559623976,2,1
259,0.25,0.0,0.0,0.0,0.0,0.75,0.0,1.0,1.0,0.75,0.6930347321185134,-0.3722992112479625,4,4
260,0.0,0.0,0.0,0.0,0.0,0.25,0.0,0.5,0.5,0.5,-0.10443085885474401,-0.3313022355378591,4,4
261,0.5,0.0,0.0,0.0,0.0,0.5,0.0,0.5,0.5,0.25,-0.09167901122155597,-0.0463260338974104,4,4
262,0.75,0.0,0.0,0.0,0.3333333333333333,0.5,0.5,1.0,0.75,0.5,0.49982934710918603,0.3394092746497284,3,2
263,0.0,0.0,0.0,0.0,0.0,0.0,0.5,0.75,0.25,0.25,-0.23321632937002734,-0.05459745145376553,2,3
264,0.125,0.0,0.0,0.5,0.0,0.25,0.0,0.5,0.5,0.75,0.2116081629781924,-0.24002863497890525,4,4
265,0.375,0.0,0.0,0.75,0.0,0.75,0.0,0.75,0.75,1.0,0.8623384569110001,-0.2467165076475339,3,4
266,0.25,0.0,0.0,0.5,0.0,0.5,0.0,0.5,0.75,0.75,0.4383538192594888,-0.2362298638599693,4,4
267,0.25,0.0,0.0,0.5,0.0,0.5,0.0,0.5,0.75,0.75,0.4383538192594888,-0.2362298638599693,4,4
268,0.875,0.3333333333333333,0.0,0.75,0.3333333333333333,0.25,0.5,0.75,0.75,0.5,0.6128543243411543,0.735635066995191,1,2
269,0.125,0.0,0.0,0.25,0.0,0.25,0.0,0.25,0.25,0.25,-0.35550315855205683,-0.1754853731280099,2,1
270,0.0,0.0,0.0,0.5,0.0,0.5,0.0,0.75,0.5,0.5,0.29333475041553225,-0.34824399283153884,4,4
271,0.375,0.0,0.0,0.75,0.0,0.75,0.0,0.75,0.75,1.0,0.8623384569110001,-0.2467165076475339,3,4
272,0.0,0.0,0.0,0.5,0.0,0.25,0.0,0.5,0.5,0.5,0.08878247011305673,-0.27475657750263327,4,4
273,0.25,0.0,0.0,0.25,0.0,0.25,0.0,0.5,0.5,0.5,0.010664495837428567,-0.14679370462814373,4,4
274,0.25,0.3333333333333333,0.0,0.5,0.3333333333333333,0.25,0.5,0.5,0.5,0.5,0.22668397281222352,0.32280925727118376,1,2
275,0.125,0.0,0.0,0.5,0.0,0.25,0.5,0.25,0.0,0.25,-0.29994126716962977,0.017819525748119958,2,1
276,0.375,0.0,0.0,0.5,0.0,0.5,0.5,0.75,0.5,0.75,0.5217498565869839,0.0043177521817728826,3,3
277,0.5,0.0,0.0,0.75,0.0,0.75,0.5,1.0,0.5,1.0,0.9457344942384952,-0.006168891605791704,3,3
278,0.25,0.0,0.0,0.5,0.0,0.5,0.0,0.75,0.5,0.75,0.4254047883848039,-0.23539819936175954,4,4
279,0.25,0.0,0.0,0.5,0.0,0.5,0.0,0.75,0.5,0.75,0.4254047883848039,-0.23539819936175954,4,4
280,0.5,0.0,0.0,0.75,0.0,0.5,0.5,1.0,0.75,1.0,0.9845241754603696,0.061282249699251945,3,3
281,0.125,0.0,0.0,0.75,0.0,0.5,0.0,1.0,0.5,0.75,0.6279635730894008,-0.28784552605302394,3,4
282,0.25,0.0,0.0,0.5,0.0,0.25,0.0,0.5,0.5,0.5,0.10727116032132888,-0.11852087561053082,4,4
283,0.75,0.3333333333333333,0.0,1.0,0.0,0.75,1.0,1.0,0.75,1.0,1.294588987206836,0.4963058096580361,3,3
284,0.25,0.0,0.0,0.5,0.0,0.75,0.5,1.0,0.5,0.75,0.7170577917853235,-0.14728751409318397,3,3
285,0.25,0.0,0.0,0.5,0.0,0.25,0.5,1.0,0.5,1.0,0.6519275095910365,-0.04890720138334814,3,3
286,0.375,0.0,0.0,0.75,0.0,0.5,0.5,1.0,0.5,0.5,0.6199716386347175,0.0733781848588829,3,3
287,0.125,0.0,0.0,0.75,0.0,0.25,0.5,1.0,0.5,0.75,0.6257084812098016,-0.055362314889463346,3,3
288,0.75,0.6666666666666667,0.5,0.25,0.0,0.0,0.0,0.25,0.5,0.5,-0.10544649761166036,0.6331110505038269,1,2
289,1.0,0.3333333333333333,0.0,0.25,0.0,0.0,0.0,0.25,0.25,0.25,-0.3616356388221408,0.6020267330780955,1,2
290,0.25,0.0,0.0,0.0,0.0,0.0,0.0,0.0,0.0,0.0,-0.8891446021948134,-0.005329058187307029,2,1
291,0.875,0.6666666666666667,0.0,0.5,0.3333333333333333,0.0,0.0,0.0,0.0,0.0,-0.5988845393348751,0.8813399258800758,1,2
292,0.875,0.3333333333333333,0.0,0.5,0.6666666666666667,0.25,0.0,0.5,0.5,0.5,0.19960414564910411,0.6717304046705252,1,2
293,0.625,0.0,0.5,0.25,0.0,0.0,1.0,0.25,0.25,0.25,-0.21924207843743815,0.6054092004007625,2,1
294,0.125,0.0,0.0,0.25,0.0,0.25,0.0,0.25,0.0,0.0,-0.5972300025125736,-0.1286614954446509,2,1
295,0.25,0.0,0.0,0.5,0.0,0.5,0.0,0.5,0.75,0.75,0.4383538192594888,-0.2362298638599693,4,4
296,0.25,0.0,0.0,0.0,0.0,0.0,0.0,0.0,0.0,0.0,-0.8891446021948134,-0.005329058187307029,2,1
297,0.25,0.0,0.0,0.25,0.0,0.25,0.0,0.25,0.25,0.25,-0.34625881344792075,-0.09736752218195867,2,1
298,0.25,0.0,0.0,0.5,0.0,0.25,0.0,0.5,0.5,0.5,0.10727116032132888,-0.11852087561053082,4,4
299,0.625,0.0,0.0,0.25,0.0,0.0,0.0,0.25,0.25,0.0,-0.5214629408741549,0.2512610496445977,2,1
300,0.5,0.3333333333333333,0.0,0.25,0.0,0.0,0.0,0.25,0.25,0.25,-0.3986130192386851,0.2895553292938905,2,1
301,0.75,0.3333333333333333,0.0,0.25,0.0,0.0,0.0,0.25,0.25,0.25,-0.38012432903041293,0.445791031185993,1,2
302,0.25,0.3333333333333333,0.0,0.5,0.0,0.0,0.0,0.75,0.5,0.75,0.2652060774081243,0.06617406078806665,4,4
303,0.75,0.3333333333333333,0.0,0.25,0.0,0.0,0.0,0.5,0.5,0.25,-0.1367823675060631,0.43975475716213114,1,2
304,0.25,0.3333333333333333,0.0,0.25,0.0,0.25,0.0,0.5,0.5,0.25,-0.0844039329449644,0.05639824281184669,4,1
305,0.125,0.0,0.0,0.25,0.0,0.5,0.0,0.5,0.5,0.5,0.0907759657109356,-0.29579666614027444,4,4
306,0.875,0.3333333333333333,0.0,0.0,0.0,0.0,0.0,0.25,0.25,0.0,-0.5810679961711765,0.5390259615367545,1,2
307,0.875,0.6666666666666667,0.5,0.25,0.0,0.0,0.0,0.0,0.5,0.0,-0.4385613133543554,0.8006110230573504,1,2
308,0.25,0.3333333333333333,0.0,0.5,0.0,0.0,0.0,0.75,0.5,0.75,0.2652060774081243,0.06617406078806665,4,4
309,0.25,0.0,0.0,0.5,0.0,0.5,0.0,0.5,0.5,0.75,0.31020832305997137,-0.23279589459893352,4,4
310,0.375,0.3333333333333333,0.0,0.5,0.0,0.5,0.0,0.75,0.75,0.75,0.5813075486670639,-0.0009122786590768928,3,2
311,0.0,0.0,0.0,0.25,0.0,0.25,0.5,0.75,0.5,0.75,0.30805434181303226,-0.18742351910791433,4,3
